9,the curious task of economics is to demonstrate to men how little they
7,to men how little they really know about what they imagine they can
7,men how little they really know about what they imagine they can design
5,to demonstrate to men how little they really know about what they imagine
5,curious task of economics is to demonstrate to men how little they really
5,is to demonstrate to men how little they really know about what they
5,demonstrate to men how little they really know about what they imagine they
5,economics is to demonstrate to men how little they really know about what
5,task of economics is to demonstrate to men how little they really know
5,of economics is to demonstrate to men how little they really know about
4,curious task of economics is to demonstrate to men how little they know
4,hayek the curious task of economics is to demonstrate to men how little
